"date","parameter","bob_mean","bob_median","bob_lower","bob_upper","bob_Rhat","sm_mean","sm_median","sm_lower","sm_upper","sm_Rhat"
2024-09-01,"GPP",3.72826717212575,3.71374233023478,2.58315320230051,4.93225923309123,0.999382343972166,3.13594348095693,3.13076540035872,1.90420024134581,4.4088167587803,0.999878667925347
2024-09-02,"GPP",4.08298594676963,4.06874599644181,3.11059570872405,5.07771918266694,0.99954820908021,4.12715553006676,4.11554366675582,2.9520249592575,5.33035223835236,0.999792521954375
2024-09-03,"GPP",2.05881903856427,2.05420064742322,1.46506143486126,2.6751503282778,1.00005417375437,1.97500089466536,1.9687050077199,1.33838527630243,2.61867445327304,0.999158704434036
2024-09-04,"GPP",4.62508681099478,4.61361374057671,3.48773721988206,5.82635686401556,0.999450430281019,5.08746119725993,5.06297407140711,3.6534207806793,6.6204582817856,0.999235527057889
2024-09-05,"GPP",3.6576784413005,3.64944669450808,2.5726109722987,4.76986272586581,0.999330310927331,3.09917405787211,3.08576663961654,1.93615402715544,4.29889508955546,0.999768655079021
2024-09-06,"GPP",4.0199024433828,4.02113542798114,3.05613614053774,4.98500487708272,1.00002056423177,4.10212956602136,4.0905245498147,3.02696407368434,5.23548199155367,0.999795410038274
2024-09-07,"GPP",4.16132562135254,4.15135298352136,3.12704874832426,5.21284639265002,0.999403049972431,3.92009490017467,3.91864461426466,2.7745458273106,5.09226761467541,0.999847593430171
2024-09-08,"GPP",3.95736319187345,3.95549090146382,2.97030112011887,4.9673211226229,0.999334831939938,3.87877091698892,3.86435745877864,2.81142831459055,4.99259307820913,0.999683311030462
2024-09-09,"GPP",3.96647174536068,3.94910322371291,3.06636375729653,4.94468521142303,0.999573238179255,3.91100204292043,3.89715218406539,2.82329434916539,5.02523403097404,0.999547953793432
2024-09-10,"GPP",5.17729734736562,5.17527844541178,3.92554273100584,6.54552616158135,0.999573225529195,4.8404709817847,4.81391894764366,3.44105803992295,6.36352313411667,0.999634257125561
2024-09-11,"GPP",2.42113117752013,2.42406337027513,1.63209435780923,3.19255932595156,0.99957493294155,1.92733486750016,1.91997420587713,1.12101885670859,2.73182401430642,0.999593579559308
2024-09-12,"GPP",2.98350756969128,2.98276938813662,2.33012306185513,3.67386942738024,0.999287539788196,3.12817108274999,3.120125550645,2.37408177916754,3.90461970194864,0.999997053233085
2024-09-13,"GPP",4.53984002903516,4.53187745750459,3.45426433154605,5.72599085135391,0.999487037844575,5.15174854545824,5.13054545820628,3.76257295529754,6.63236973821272,0.999255423836285
2024-09-14,"GPP",4.87591766955637,4.86156911064985,3.68010673125033,6.12835971749041,0.999652944180181,5.17396606893281,5.15896333446765,3.69533822766326,6.74430923644023,0.999304507388464
2024-09-15,"GPP",5.20470143882793,5.19361625979752,4.00877542937696,6.43933304226674,0.999512317956934,5.3415746311085,5.31657353026614,3.91211700837671,6.88915357834406,0.999737150545983
2024-09-16,"GPP",3.62364983514621,3.62877563022111,2.80598283082485,4.43818224404664,1.00010480392293,3.67918815919173,3.67641020801603,2.77447132285889,4.62975648605531,0.999117513682151
2024-09-17,"GPP",1.69290080039362,1.69164762198095,1.20975735974477,2.19911815420894,0.999547121114439,1.63008900376695,1.6259992923646,1.09747084523408,2.18866744249122,0.999553662942223
2024-09-18,"GPP",1.19384652494958,1.18674351409068,0.714344374537313,1.72738446900257,0.999496259612872,1.17728830638841,1.16099355866153,0.640379867066914,1.78608441910161,0.999635237798028
2024-09-19,"GPP",4.86364534437398,4.85706111523766,3.88694815854473,5.86514172994437,0.999723231688905,4.94263123804071,4.94364361488793,3.78691346232939,6.09673480200749,0.999144142872805
2024-09-20,"GPP",4.70532705865282,4.69146194585719,3.67301256956109,5.84437695483303,0.999310029118206,5.01304837985137,5.00299701841514,3.67059593228358,6.37139730070141,0.999284690979227
2024-09-21,"GPP",3.84571779588329,3.84249397381267,2.8998951897878,4.81064280756894,0.999860256718583,3.88373288250555,3.88042189483663,2.76517422159535,5.02791925882616,0.999441164221341
2024-09-22,"GPP",3.40589556873716,3.39511883961802,2.44883728854532,4.39453791200372,0.999573210700179,3.29007259107102,3.28838572807234,2.23906182158822,4.40155970767887,0.999528934947699
2024-09-23,"GPP",4.979881154324,4.95665829038346,3.80939763550105,6.2260416664906,0.999895845406089,5.40426440590268,5.39551512435775,3.96955391230855,6.97160749113529,0.999292944171087
2024-09-24,"GPP",3.67233910021652,3.66179362802336,2.71795700234323,4.66173905124398,0.999284583637817,3.32065851793381,3.30705572292947,2.29599104054771,4.40666281907699,0.99915426074038
2024-09-25,"GPP",3.56097467945634,3.55305960556445,2.64361587417249,4.51856387603218,0.999371370594779,3.17618414133845,3.1671965034611,2.12286600011792,4.26951656678869,0.999638136061438
2024-09-26,"GPP",4.66142668958311,4.6496590544872,3.57542427807733,5.81061888867202,0.999848153383944,4.79934527249478,4.78560598616262,3.50887510370984,6.1516869787178,0.999629968441764
2024-09-27,"GPP",3.5933604909746,3.5898635967788,2.65012426338537,4.56542597257013,1.00012132305816,3.3223741540312,3.31815112783995,2.29338023562923,4.41322138141341,0.999196356186555
2024-09-28,"GPP",3.69045648625258,3.68848865059909,2.75546151986433,4.68234312862045,0.999236004587683,3.40072293005092,3.38554203888868,2.34171379903046,4.52773522198022,0.999417083023609
2024-09-29,"GPP",3.20973060404264,3.2041200851382,2.27839144173013,4.20239939075801,0.999475009386491,2.73525564631814,2.7295573530282,1.70448657906606,3.79500488661058,0.999385443751539
2024-09-30,"GPP",3.38583494325411,3.37770794640961,2.55075815657399,4.27739481104055,0.999171778750213,3.59391908980273,3.58910440718088,2.57190398418497,4.65475810191682,0.999540151509004
2024-09-01,"ER",-7.02100400072425,-6.99925809917563,-8.94885616055201,-5.1910240423993,0.999512301913375,-6.29187727108388,-6.27113319393353,-8.4243403926738,-4.31396307187013,0.999994179496255
2024-09-02,"ER",-7.88861366777032,-7.87310638542838,-9.58980481108587,-6.22701212003523,0.999502174488456,-8.18852431709978,-8.17581400744009,-10.3199790208771,-6.1645431770196,0.999770221033587
2024-09-03,"ER",-4.81036397955201,-4.80926195417961,-5.98112549384067,-3.67908097941321,0.999988859426557,-4.78813362968733,-4.77801311809061,-6.04161999006905,-3.56375794388424,0.999302684547918
2024-09-04,"ER",-8.08206604226197,-8.05026713728486,-9.9552400381392,-6.26817180214957,0.999268937955629,-9.07981637218276,-9.058537365666,-11.5639118608804,-6.77576492750582,0.999243766208943
2024-09-05,"ER",-6.30142158022694,-6.30533304680571,-7.98276471013056,-4.71774250580985,0.999279052554634,-5.65456675162138,-5.63713842185095,-7.48546709938073,-3.90871434663858,0.999848516421279
2024-09-06,"ER",-6.83169079565406,-6.83670360386395,-8.3081582127446,-5.35478592043322,1.00019495129814,-7.14633983617014,-7.14688918941398,-8.90551284259468,-5.49415831520798,0.999804489751087
2024-09-07,"ER",-6.9320046983919,-6.91384435057422,-8.55050815789619,-5.3908123302558,0.99945841168096,-6.76220934331037,-6.75846429689415,-8.5394150512078,-5.03258097793944,0.999708304782138
2024-09-08,"ER",-7.65621258983733,-7.64699633411743,-9.36133385632579,-5.98870183080051,0.999191426122655,-7.76037054257156,-7.74861520136191,-9.70370776763578,-5.90388177056528,0.999796959316932
2024-09-09,"ER",-7.9136529689155,-7.87631483846196,-9.65517845718249,-6.28936136220977,0.999586027752456,-8.01057455278635,-7.9681915880285,-10.0812731403871,-6.02766270284302,0.999705349522428
2024-09-10,"ER",-9.98813217588102,-9.97648764403464,-12.3370145826212,-7.85450269346351,0.999519670901777,-9.69853901325521,-9.65903844050861,-12.4049314486673,-7.24181330888494,0.999624849808863
2024-09-11,"ER",-6.64248656951651,-6.65153590994574,-8.35968147884764,-4.92429564955661,0.999656843867428,-5.75947664891632,-5.7448057450647,-7.56567180417599,-3.94491365796657,0.999513631473836
2024-09-12,"ER",-8.11280763260045,-8.11294236790767,-9.86981531603862,-6.43534892454814,0.999214881103299,-8.60992126672228,-8.60699474044365,-10.6076647296604,-6.67981357672854,0.999800185910549
2024-09-13,"ER",-9.44273404885452,-9.43647844317976,-11.6988825262668,-7.36995924480876,0.999566226928856,-10.8787217895283,-10.8308122195406,-13.7663850930021,-8.13054203258931,0.999308827384092
2024-09-14,"ER",-10.2811733618622,-10.265544167079,-12.5326038635422,-8.10672370994785,0.9995289899463,-11.2292026340417,-11.1957934416774,-14.1654237779448,-8.4072263171982,0.999337919850571
2024-09-15,"ER",-11.1402515991725,-11.1288368640709,-13.4344497217949,-8.92523939015112,0.999504954154077,-11.801260380919,-11.7690651974041,-14.7780740927927,-9.05750720090622,0.999994961872786
2024-09-16,"ER",-8.3463466840656,-8.3452701739553,-10.0007783579853,-6.70336899924607,1.00005695185214,-8.68134710962754,-8.67131276569615,-10.6422670321288,-6.75456577419047,0.999178865333482
2024-09-17,"ER",-7.27020289613493,-7.26097073221661,-9.02684412667773,-5.55582040433283,0.999517147081378,-7.20231897912875,-7.18736831373462,-9.17580430634678,-5.33103988141432,0.999605060701942
2024-09-18,"ER",-8.79788898148993,-8.74059329975172,-11.7095525181644,-6.31639967169341,0.999314573423247,-9.12011550518041,-9.02517746676503,-12.6669069525907,-6.16540470927033,0.999977778899181
2024-09-19,"ER",-9.89974561797271,-9.88167767220498,-11.7423546532778,-8.12336257468445,0.999946502150537,-10.3738695598473,-10.3716499961242,-12.5144318038507,-8.23454215967822,0.999088845421967
2024-09-20,"ER",-10.6084267414191,-10.5665182933953,-12.8701541622159,-8.50284772308342,0.999357161051013,-11.6206891906144,-11.6045835116734,-14.4054795923849,-8.8678358920703,0.999300008343352
2024-09-21,"ER",-8.12042054938698,-8.10615285052123,-9.87834946445598,-6.38642936988771,0.999904212878908,-8.49301684612287,-8.48191291236516,-10.6470531229844,-6.41304504845838,0.999537112295564
2024-09-22,"ER",-7.99320474981024,-7.96030710240125,-9.88670930565167,-6.21781197558267,0.999736989371554,-8.12692998210846,-8.12008745332813,-10.2885404697306,-6.08980616047027,0.999484663230094
2024-09-23,"ER",-9.5628140991361,-9.54149557850751,-11.6950472957606,-7.59263817617109,0.99990422874627,-10.6174610011235,-10.5924199231229,-13.3780549519763,-8.0929707676132,0.999310451171201
2024-09-24,"ER",-8.14106405437937,-8.1232280508203,-9.96313544791374,-6.4317493977767,0.99934409481285,-7.80753172195939,-7.76916494006228,-9.85282724519077,-5.84799496266012,0.999178302962455
2024-09-25,"ER",-7.92110264464577,-7.90299494848938,-9.70533175483539,-6.19987099546355,0.999501442423418,-7.48207998554603,-7.45145618846596,-9.60459521215976,-5.4728980377487,0.999610638906888
2024-09-26,"ER",-9.40146459638986,-9.39513776233174,-11.4809006218789,-7.40211271619855,1.00009937762595,-9.95473914087106,-9.9137619248648,-12.4524897822104,-7.56579071169999,0.99951050419058
2024-09-27,"ER",-7.53671077398681,-7.5272618706242,-9.26464930802137,-5.86786132890492,1.00039753501862,-7.32754109820456,-7.30616511259582,-9.34078557748854,-5.46978194741256,0.999221923436073
2024-09-28,"ER",-8.05321641665662,-8.04441952551325,-9.85793209147722,-6.33803920104073,0.999599405385021,-7.82307713163394,-7.78906000464292,-9.9151542856671,-5.82180161053583,0.999428134565566
2024-09-29,"ER",-7.31531955943487,-7.30066466931913,-9.16306993215748,-5.53983853285649,0.999591297473563,-6.67357076581802,-6.6660017246965,-8.75511018189788,-4.70639154382343,0.999392902102534
2024-09-30,"ER",-6.72257004353425,-6.71011346548831,-8.34500886494224,-5.18845500370719,0.9993406694573,-7.31255383210121,-7.29560835305795,-9.3163030768774,-5.39542816436794,0.999455109272377
2024-09-01,"K600",27.2953411630239,27.1780363159689,21.6392911193422,33.2271755979028,0.999508055783461,25.6539791877555,25.5627918846054,19.3683070969498,32.1884377354112,1.00006954023407
2024-09-02,"K600",30.1510349209632,30.0957566767784,24.6307387096801,35.8849900246046,0.99975010795629,31.4740020127467,31.3878345062853,24.5234264686767,38.7235209322975,0.999689848383549
2024-09-03,"K600",19.9639385225787,19.9771092989233,16.4030254914175,23.6321062024894,1.00039414539617,20.1865246506977,20.151232031797,16.2053956946518,24.3594636991085,0.999303731781486
2024-09-04,"K600",34.4271513827441,34.3243207498866,28.0329997709613,41.1480846643903,0.999357066330633,38.7531126280365,38.6685404965177,30.399962556076,47.8027467655455,0.999169595291077
2024-09-05,"K600",26.7692354148762,26.710684530407,21.3961593149485,32.3042179289441,0.99920608271511,25.2444963754347,25.1956074014967,19.286727107202,31.4172244181292,0.999740362016696
2024-09-06,"K600",27.69902253523,27.6848492711868,23.0204866816418,32.4909271715416,0.999948855331388,29.3634813369296,29.3553868396655,23.7774371924224,35.182746363797,0.999655414850954
2024-09-07,"K600",27.1772451909617,27.1997775580978,22.3156295346965,32.1775070914978,0.999593161814971,27.1579258488248,27.1532549335801,21.6747885038028,32.932450542563,0.999695290510956
2024-09-08,"K600",28.7663718355794,28.7531020070264,23.4934099274964,34.051693588324,0.999233642084242,29.5159463047335,29.48495399266,23.5746904359309,35.666505891959,0.999589546105259
2024-09-09,"K600",29.9557735096604,29.8165323047975,24.5738882168479,35.8563379564149,0.999655841491804,30.4825561158753,30.3868783456024,23.9529212763932,37.4517895230229,0.999477839622927
2024-09-10,"K600",33.1643553818741,33.1214951675985,26.8066562512164,39.7357853652179,0.999424417427252,32.6136626675768,32.5006952017943,25.4927633846784,40.4608356883104,0.999638325123407
2024-09-11,"K600",19.9157535556857,19.9531106052942,15.3864293356397,24.3791516736412,0.999540027693257,17.7453607307575,17.7523219549597,13.185639215826,22.4274603919816,0.999426110129643
2024-09-12,"K600",29.2297728141736,29.2018686507999,23.7789801804812,34.9861726212094,0.999185309857037,30.5001592079551,30.4745672087228,24.3312194421534,36.9623768338929,0.9996495863121
2024-09-13,"K600",36.4513831922703,36.3809897659614,29.3830285275149,44.0089821299643,0.999647087849595,41.2308240164203,41.0887717039243,31.7947238005866,50.8294317098462,0.999309679002591
2024-09-14,"K600",36.6926558262807,36.6517372811192,29.804190325656,43.7919904842955,0.999572061533025,39.8179154085999,39.7176175669068,31.0471496092999,48.8779685637128,0.999342727055486
2024-09-15,"K600",36.3647602503287,36.3253464898371,29.9238416069381,43.0913662071598,0.999481532139344,38.5102387657508,38.3622927848259,30.3790852881647,47.1556169359216,0.999854964667523
2024-09-16,"K600",27.2540239855085,27.2381420837457,22.3975695123501,32.1682000588135,0.999771330077758,28.2705357607474,28.226708891111,22.6628267396113,34.1518040347777,0.999069960931667
2024-09-17,"K600",24.6357872191021,24.583646024766,19.412222777471,30.0778510619111,0.999595240394334,24.0384929085239,24.0280573688553,18.4457767463284,29.938975877344,0.999652577635027
2024-09-18,"K600",31.9110323729716,31.7573671250671,23.2938748926416,42.1460389888316,0.999400602240809,32.2882108662891,31.9555777702589,22.371519035373,44.0991356381888,1.00003197936634
2024-09-19,"K600",32.8727799312757,32.84377966128,27.7610677596591,38.3312415317432,0.99974654401071,34.3637153839325,34.365145159427,28.1517019944669,40.57951295914,0.999107996685424
2024-09-20,"K600",37.4937844574716,37.3655163276256,30.9556347241437,44.7400158780293,0.999337955957411,40.8194869422643,40.7754195991329,32.2279553983311,49.5471188857595,0.999397911444012
2024-09-21,"K600",32.2226063146393,32.236349425349,26.6282892518104,37.9262703704734,1.00002822684322,33.7255041252445,33.6627150401678,26.8633943272254,40.8297457154311,0.999506550889394
2024-09-22,"K600",30.9749399364469,30.9100482368258,25.1292281284003,37.1032511485205,0.999762955703824,31.5816383701931,31.5067769447344,25.0499096840356,38.6749448014111,0.999618986298695
2024-09-23,"K600",37.3774206393298,37.2662717119448,30.6688275321618,44.4673055829668,0.99999921060193,41.2399348879021,41.149992611362,32.6206524180444,50.7750291008867,0.999347887139306
2024-09-24,"K600",29.8389549013941,29.8058615811253,24.5472528330579,35.4641132849908,0.999319670788151,29.1337541516419,28.9955204806599,23.0247288386849,35.8013650789754,0.999301988569018
2024-09-25,"K600",27.4240678385014,27.3816969236691,22.5960836735927,32.5758744474687,0.99941171307214,26.5123253190256,26.4464072326065,20.6674185751016,32.6068262740145,0.999552665074275
2024-09-26,"K600",35.1596334437608,35.1325720699783,28.8953890427962,41.8705868325429,0.999779956475031,37.2977038951713,37.2250280620456,29.562582052562,45.4587793493495,0.999496653594994
2024-09-27,"K600",29.8834276840613,29.8735427531822,24.4215161467609,35.4343565246812,1.00044263521105,29.6144903970508,29.5645459982621,23.536076435689,36.154926968323,0.999316709296911
2024-09-28,"K600",30.6279938169913,30.6300816981802,25.1644163580004,36.4271238003963,0.999303244436365,30.1681446271749,30.0530161461677,23.6186425464864,36.8221096091172,0.999394904831165
2024-09-29,"K600",26.9539748674197,26.918752235475,21.589648877605,32.6433850022673,0.999708447118321,25.1612582307852,25.0973117183432,19.1052816581045,31.568772513113,0.999532163785763
2024-09-30,"K600",32.4148827278218,32.3344434781795,26.7478488749966,38.5165806455098,0.999170662110266,34.7928086423223,34.7593459964567,27.510175622748,42.2759731919365,0.999570482530696
